{"Accels": [1.0, 1.0, 1.0], "AccelBias": [0.0, 0.0, 0.0], "GyroBias": [-0.019792915237387455, 0.0005712567705085595, 0.09494580478042249], "Mags": [1.0, 1.0, 1.0], "MagBias": [0.0, 0.0, 0.0]}