{"Accels": [1.0, 1.0, 1.0], "AccelBias": [0.0, 0.0, 0.0], "GyroBias": [-0.013213475370061605, -0.07766695197361796, 0.08812001875332037], "Mags": [1.0, 1.0, 1.0], "MagBias": [0.0, 0.0, 0.0]}